{"cameraMode":{"drawMode":0,"name":"Shaded","section":"Shading Mode"},"sceneLighting":false,"audioPlay":false,"sceneViewState":{"showFog":true,"showMaterialUpdate":false,"showSkybox":false,"showFlares":true,"showImageEffects":true,"showParticleSystems":true},"in2DMode":false,"pivot":{"x":-2.214733123779297,"y":1.9232566356658936,"z":-0.29944127798080447},"rotation":{"x":0.05664459615945816,"y":0.9434642195701599,"z":-0.22219546139240266,"w":0.24011817574501038},"size":0.6542795300483704,"orthographic":false}