{"cameraMode":{"drawMode":0,"name":"Shaded","section":"Shading Mode"},"sceneLighting":false,"audioPlay":false,"sceneViewState":{"showFog":true,"showMaterialUpdate":false,"showSkybox":true,"showFlares":true,"showImageEffects":true,"showParticleSystems":true},"in2DMode":false,"pivot":{"x":-0.02858666144311428,"y":-0.10339892655611038,"z":0.1835644394159317},"rotation":{"x":0.012135609053075314,"y":0.9875875115394592,"z":-0.12240327149629593,"w":0.09808075428009033},"size":1.0813268423080445,"orthographic":false}