{"cameraMode":{"drawMode":0,"name":"Shaded","section":"Shading Mode"},"sceneLighting":false,"audioPlay":false,"sceneViewState":{"showFog":true,"showMaterialUpdate":false,"showSkybox":true,"showFlares":true,"showImageEffects":true,"showParticleSystems":true},"in2DMode":false,"pivot":{"x":0.7339972257614136,"y":-0.5212791562080383,"z":1.6208852529525757},"rotation":{"x":-0.14094328880310059,"y":-0.24037843942642213,"z":0.035307224839925769,"w":-0.9597742557525635},"size":2.63478946685791,"orthographic":false}