{"cameraMode":{"drawMode":0,"name":"Shaded","section":"Shading Mode"},"sceneLighting":false,"audioPlay":false,"sceneViewState":{"showFog":true,"showMaterialUpdate":false,"showSkybox":true,"showFlares":true,"showImageEffects":true,"showParticleSystems":true},"in2DMode":false,"pivot":{"x":1.4258630275726319,"y":0.6475034356117249,"z":3.655883550643921},"rotation":{"x":-0.09402255713939667,"y":-0.731031060218811,"z":0.10286494344472885,"w":-0.6680163741111755},"size":1.9305274486541749,"orthographic":false}