{"cameraMode":{"drawMode":0,"name":"Shaded","section":"Shading Mode"},"sceneLighting":false,"audioPlay":false,"sceneViewState":{"showFog":true,"showMaterialUpdate":false,"showSkybox":false,"showFlares":true,"showImageEffects":true,"showParticleSystems":true},"in2DMode":false,"pivot":{"x":-1.084350824356079,"y":3.7181625366210939,"z":-0.4658494293689728},"rotation":{"x":-0.41825321316719057,"y":0.5322604179382324,"z":-0.3415580987930298,"w":-0.6522756814956665},"size":0.6542795896530151,"orthographic":false}