{"cameraMode":{"drawMode":0,"name":"Shaded","section":"Shading Mode"},"sceneLighting":false,"audioPlay":false,"sceneViewState":{"showFog":true,"showMaterialUpdate":false,"showSkybox":true,"showFlares":true,"showImageEffects":true,"showParticleSystems":true},"in2DMode":false,"pivot":{"x":14.088016510009766,"y":-2.5647950172424318,"z":-16.364530563354493},"rotation":{"x":-0.08974983543157578,"y":-0.8378024697303772,"z":0.14494231343269349,"w":-0.5187402367591858},"size":10.0,"orthographic":false}