{"cameraMode":{"drawMode":0,"name":"Shaded","section":"Shading Mode"},"sceneLighting":true,"audioPlay":false,"sceneViewState":{"showFog":true,"showMaterialUpdate":false,"showSkybox":true,"showFlares":true,"showImageEffects":true,"showParticleSystems":true},"in2DMode":false,"pivot":{"x":4.280569076538086,"y":0.524863600730896,"z":-8.867012023925782},"rotation":{"x":0.050338950008153918,"y":0.9178082346916199,"z":-0.12355631589889527,"w":0.3740413784980774},"size":40.010372161865237,"orthographic":false}