{"cameraMode":{"drawMode":0,"name":"Shaded","section":"Shading Mode"},"sceneLighting":false,"audioPlay":false,"sceneViewState":{"showFog":true,"showMaterialUpdate":false,"showSkybox":true,"showFlares":true,"showImageEffects":true,"showParticleSystems":true},"in2DMode":false,"pivot":{"x":0.7417935729026794,"y":-27.869876861572267,"z":-62.92393112182617},"rotation":{"x":0.001210237154737115,"y":0.978607177734375,"z":-0.20583297312259675,"w":0.005862700752913952},"size":71.9882583618164,"orthographic":false}