{"cameraMode":{"drawMode":0,"name":"Shaded","section":"Shading Mode"},"sceneLighting":false,"audioPlay":false,"sceneViewState":{"showFog":true,"showMaterialUpdate":false,"showSkybox":true,"showFlares":true,"showImageEffects":true,"showParticleSystems":true},"in2DMode":false,"pivot":{"x":13.400367736816407,"y":3.5839226245880129,"z":-8.083516120910645},"rotation":{"x":0.0011297944001853467,"y":-0.9972795248031616,"z":0.07223909348249436,"w":0.015562165528535843},"size":4.041658401489258,"orthographic":false}