{"cameraMode":{"drawMode":0,"name":"Shaded","section":"Shading Mode"},"sceneLighting":false,"audioPlay":false,"sceneViewState":{"showFog":true,"showMaterialUpdate":false,"showSkybox":true,"showFlares":true,"showImageEffects":true,"showParticleSystems":true},"in2DMode":false,"pivot":{"x":-1.2981089353561402,"y":-0.045230552554130557,"z":-0.4126162827014923},"rotation":{"x":-0.038181498646736148,"y":0.6117103099822998,"z":-0.029570620507001878,"w":-0.7896549701690674},"size":1.2317709922790528,"orthographic":false}